<?xml version="1.0" encoding="UTF-8" standalone="no" ?>

<dlg name="dlg_login" title="" width="700" height="433" appwin="0" resize="0"
	frame="" bkimg="skin:SKIN_PIC_5" crbk="000000"
	img-shadow="skins\360\window_shadow.png" shadow-wlt="5" shadow-hlt="3" shadow-wrb="5" shadow-hrb="7" >
	
	<base>
		<imgbtn name="button.close" pos="-45,0,-0,29" skin="IDB_BT_CLOSE" show="1" shortcut="ESC" />
		<!-- <imgbtn name="button.setup" pos="-74,0,-46,20" skin="IDB_BT_SETUP" show="1"/> -->
		<text name="title" crtext="FFFFFF" crmark="800000" font="big"
				pos="10,5,200,25" title="[APP_NAME]" mask="" response="0" show="1" />
	</base>

	<body>
		<area name="area-1" pos="0,0,-0,-0" begin-transparent="100" end-transparent="90" />
		<!--area name="area-sep1" pos="0,136,-0,136" begin-transparent="70" end-transparent="70" /-->
		<!-- <area name="area-search" pos="0,136,-0,164" begin-transparent="70" end-transparent="70" /> -->
		<!-- <area name="area-2" pos="0,164,-0,-0" begin-transparent="30" end-transparent="30" />
		<area name="area-3" pos="0,-27,-0,-26" begin-transparent="70" end-transparent="70" />  -->
		<area name="area-4" pos="0,-26,-0,-0" begin-transparent="88" end-transparent="88" />

		<!-- <img name="image" pos="16,109" width="87" height="87" skin="IDB_LOGIN_USER" mode="normal" framesize="1" show="1" /> -->
		
		<text  crtext="FFFFFF" crmark="800000" crshadow="808080" font="default"
			pos="10,100,500,160" title="设备名称:" response="0" show="1" />

		<edit name="devname" skin="IDB_EDIT" 
					pos="10,120" width="290" height="30" title="" tip="Bluberry"
					multiline="0" autohscroll="1" autovscroll="0" number="0" readonly="0" maxchar="100"
					font="default" crtext="0,0,0" crtip="128,128,128,128" />
		
		<text crtext="FFFFFF" crmark="800000" crshadow="808080" font="default"
			pos="10,160,500,260" title="镜像分辨率(部分Apple设备支持4K):" response="0" show="1" />

		<combobox name="devres" skin="IDB_EDIT" small-image="skin:IDB_DROP_DOWN"
							value="1080p"  font="default" readonly="1"
							pos="10,180,300,210"  >
						<item name="1080p" value="1080p"   />
						<item name="1440p" value="1440p"   />
						<item name="4K" value="4K"   />
		</combobox>

		<!-- <linkbtn name="linkbtn" crtext="800000"
				pos="350,116,-10,145" show="1" title="注册帐号" href="http://www.blueantstudio.net" /> -->
		
		<!-- <edit name="pwd" skin="IDB_EDIT" left-image="skin:IDB_EDIT_PWD"
					pos="120,149" width="220" height="32" title="" password="1" tip="请输入密码"
					multiline="0" autohscroll="1" autovscroll="0" number="0" readonly="0" maxchar="50"
					font="default" crtext="0,0,0" crtip="128,128,128,128" /> -->
		 
		<div name="footer" pos="0,220,-300,-50" >	
			<chkbtn name="fullscr" skin="IDB_CHECK_BOX" crtext="ffffff" font="default"
				pos="10,0" width="300" height="22" show="1" title="全屏显示" check="false" />

			<chkbtn name="topwnd" skin="IDB_CHECK_BOX" crtext="ffffff" font="default"
				pos="10,26" width="300" height="22" show="1" title="镜像窗口置顶" check="false" />
				
			<chkbtn name="notitle" skin="IDB_CHECK_BOX" crtext="ffffff" font="default"
			    pos="10,52" width="300" height="22" show="1" title="镜像窗口不显示标题栏" check="false" />

			<chkbtn name="oneone" skin="IDB_CHECK_BOX" crtext="ffffff" font="default"
			    pos="10,78" width="300" height="22" show="1" title="1:1按原比例显示镜像" check="false" />		

			<text crtext="FFFFFF" crmark="800000" crshadow="808080" font="default"
						pos="10,120,500,190" title="视频投屏播放, 需要安装 PotPlayer 或者 VLC " response="0" show="1" />
						
		</div>	
		
		<div name="footer" pos="0,-26,-0,-0" >	
			<textbtn name="button.save"  skin="" crtext="FFFFFF" align="left" cursor="hand"
				pos="10,4,80,25" show="1" title="保存"  />	

			<text skin="" crtext="FFFFFF" align="right"  
				pos="-100,4,-10,25" show="1" title="V2.11"   />				
		</div>	

		<!-- <chkbtn name="checkbutton" skin="IDB_CHECK_BOX"
				pos="230,190" width="100" height="22" show="1" title="自动登录" check="false" /> -->
		
		<!-- <button name="button_1" skin="IDB_BT_DEFAULT" title="设置"
				pos="20,-30,100,-6" show="1" shortcut="" />
		
		<button name="button.ok" skin="IDB_BT_DEFAULT" title="[LOGIN]"
				pos="-100,-30,-20,-6" show="1" shortcut="RETURN" /> -->

	</body>
  
</dlg>
